<?xml version="1.0" encoding="UTF-8"?>
<beans xmlns="http://www.springframework.org/schema/beans"
    xmlns:xsi="http://www.w3.org/2001/XMLSchema-instance"
    xmlns:context="http://www.springframework.org/schema/context"
    xsi:schemaLocation="http://www.springframework.org/schema/beans
http://www.springframework.org/schema/beans/spring-beans-4.0.xsd
http://www.springframework.org/schema/context
http://www.springframework.org/schema/context/spring-context-4.0.xsd
">

  <context:component-scan base-package="com.example.datasource"/>

    <bean id="sqlSessionFactory" class="org.mybatis.spring.SqlSessionFactoryBean">
        <property name="dataSource" ref="dataSource" />
        <property name="configLocation" value="classpath:mybatis-settings.xml" />
        <property name="mapperLocations">
            <list>
                <value>classpath:com.example/datasource/**/*.xml</value>
            </list>
        </property>
    </bean>

    <bean id="sqlSession" class="org.mybatis.spring.SqlSessionTemplate" destroy-method="clearCache">
        <constructor-arg index="0" ref="sqlSessionFactory" />
    </bean>
    
    <bean id="bookMapper" class="org.mybatis.spring.mapper.MapperFactoryBean">
        <property name="mapperInterface" value="com.example.datasource.BookMapper" />
        <property name="sqlSessionFactory" ref="sqlSessionFactory" />
    </bean>
    
    <context:property-placeholder location="classpath:env.properties" ignore-unresolvable="true"/>
    <bean id="dataSource" class="org.springframework.jdbc.datasource.LazyConnectionDataSourceProxy">
        <constructor-arg>
            <bean class="org.springframework.jdbc.datasource.SimpleDriverDataSource">
                <property name="driverClass" value="${driverClass}" />
                <property name="url" value="${url}" />
                <property name="username" value="${username}"/>
                <property name="password" value="${password}"/>
            </bean>
        </constructor-arg>
    </bean>
</beans>