<?xml version="1.0" encoding="UTF-8"?>
<beans xmlns="http://www.springframework.org/schema/beans"
	xmlns:xsi="http://www.w3.org/2001/XMLSchema-instance"
	xmlns:context="http://www.springframework.org/schema/context"
	xmlns:mvc="http://www.springframework.org/schema/mvc"
	xsi:schemaLocation="
        http://www.springframework.org/schema/beans
        http://www.springframework.org/schema/beans/spring-beans-4.0.xsd
		http://www.springframework.org/schema/context
        http://www.springframework.org/schema/context/spring-context-4.0.xsd
		http://www.springframework.org/schema/mvc
        http://www.springframework.org/schema/mvc/spring-mvc-4.0.xsd
    ">

  <context:component-scan base-package="com.example.web"/>

  <bean id="messageSource" class="org.springframework.context.support.ResourceBundleMessageSource">
    <property name="basenames" value="messages" />
  </bean>
  
  <bean id="templateResolver"
        class="org.thymeleaf.templateresolver.ServletContextTemplateResolver">
    <property name="prefix" value="/WEB-INF/views/" />
    <property name="suffix" value=".html" />
    <property name="templateMode" value="HTML5" />
    <property name="cacheable" value="false" />
  </bean>
    
  <bean id="templateEngine"
        class="org.thymeleaf.spring4.SpringTemplateEngine">
    <property name="templateResolver" ref="templateResolver" />
  </bean>
   
  <bean class="org.thymeleaf.spring4.view.ThymeleafViewResolver">
    <property name="characterEncoding" value="UTF-8" />
    <property name="templateEngine" ref="templateEngine" />
  </bean>
  
  <bean class="org.springframework.web.servlet.handler.SimpleMappingExceptionResolver">
    <property name="exceptionMappings">
      <props>
        <prop key="java.lang.Exception">error</prop>
      </props>
    </property>
  </bean>
</beans>